mutant,DMS_score_predicted
F396D,0.9848393530985301
L399D,0.9832884954126829
W582V,0.9762330490907757
L459P,0.9752451487112209
L399N,0.9721585211910136
E545V,0.9695139470545565
N556H,0.967825150911041
A460S,0.9670707267231785
F616C,0.966861842379705
G561F,0.9664732770379828
